<?xml version="1.0"?>

<skinlf-themepack require="0.3">
	<property name="JDesktopPane.backgroundEnabled" value="false" />
	<property name="ScrollBar.alternateLayout" value="true" />

	<icon name="Tree.openIcon" value="icons/TreeOpen.gif" />
	<icon name="Tree.closedIcon" value="icons/TreeClosed.gif" />
	
	<icon name="FileView.computerIcon" value="icons/Computer.gif" />
	<icon name="FileView.directoryIcon" value="icons/TreeClosed.gif" />
	<icon name="FileView.fileIcon" value="icons/Default.gif" />
	<icon name="FileView.hardDriveIcon" value="icons/HardDrive.gif" />
	<icon name="FileView.floppyDriveIcon" value="icons/FloppyDrive.gif" />

	<icon name="InternalFrame.icon" value="icons/InternalFrame.gif" />

	<skin>
		<skin url="gtk/gtkrc"></skin>
		<skin url="kde/kde.themerc"></skin>
	</skin>

</skinlf-themepack>
